,Library_Occupancy,Students_Traveling,Students_In_Library,Students_In_Lecture,Students_Off_Campus
0,"{'Arts and Social Sciences': 0, 'Chemistry': 0, 'Education': 0, 'Medical': 0, 'Physics': 0, ""Queen's Building"": 0, 'Wills Memorial': 0, 'Beacon House': 0, 'Brambles and Hawthorns': 0, 'Grace Reeves': 0, 'Senate House': 0}",2780,0,0,1220
1,"{'Arts and Social Sciences': 617, 'Chemistry': 78, 'Education': 0, 'Medical': 86, 'Physics': 81, ""Queen's Building"": 168, 'Wills Memorial': 512, 'Beacon House': 424, 'Brambles and Hawthorns': 0, 'Grace Reeves': 0, 'Senate House': 407}",407,2373,0,1220
2,"{'Arts and Social Sciences': 617, 'Chemistry': 78, 'Education': 0, 'Medical': 86, 'Physics': 81, ""Queen's Building"": 168, 'Wills Memorial': 520, 'Beacon House': 425, 'Brambles and Hawthorns': 0, 'Grace Reeves': 0, 'Senate House': 637}",168,2612,0,1220
3,"{'Arts and Social Sciences': 720, 'Chemistry': 78, 'Education': 0, 'Medical': 90, 'Physics': 85, ""Queen's Building"": 168, 'Wills Memorial': 520, 'Beacon House': 425, 'Brambles and Hawthorns': 0, 'Grace Reeves': 0, 'Senate House': 637}",57,2723,0,1220
4,"{'Arts and Social Sciences': 612, 'Chemistry': 73, 'Education': 0, 'Medical': 79, 'Physics': 78, ""Queen's Building"": 145, 'Wills Memorial': 432, 'Beacon House': 370, 'Brambles and Hawthorns': 21, 'Grace Reeves': 28, 'Senate House': 552}",193,2390,356,1061
5,"{'Arts and Social Sciences': 613, 'Chemistry': 73, 'Education': 0, 'Medical': 79, 'Physics': 78, ""Queen's Building"": 145, 'Wills Memorial': 433, 'Beacon House': 370, 'Brambles and Hawthorns': 21, 'Grace Reeves': 28, 'Senate House': 552}",0,2392,547,1061
6,"{'Arts and Social Sciences': 613, 'Chemistry': 73, 'Education': 0, 'Medical': 79, 'Physics': 78, ""Queen's Building"": 145, 'Wills Memorial': 433, 'Beacon House': 370, 'Brambles and Hawthorns': 21, 'Grace Reeves': 28, 'Senate House': 552}",0,2392,547,1061
7,"{'Arts and Social Sciences': 613, 'Chemistry': 73, 'Education': 0, 'Medical': 79, 'Physics': 78, ""Queen's Building"": 145, 'Wills Memorial': 433, 'Beacon House': 370, 'Brambles and Hawthorns': 21, 'Grace Reeves': 28, 'Senate House': 552}",0,2392,547,1061
8,"{'Arts and Social Sciences': 600, 'Chemistry': 60, 'Education': 0, 'Medical': 79, 'Physics': 67, ""Queen's Building"": 139, 'Wills Memorial': 434, 'Beacon House': 373, 'Brambles and Hawthorns': 20, 'Grace Reeves': 28, 'Senate House': 519}",254,2319,502,925
9,"{'Arts and Social Sciences': 600, 'Chemistry': 60, 'Education': 0, 'Medical': 79, 'Physics': 68, ""Queen's Building"": 139, 'Wills Memorial': 434, 'Beacon House': 373, 'Brambles and Hawthorns': 20, 'Grace Reeves': 28, 'Senate House': 519}",0,2320,684,996
10,"{'Arts and Social Sciences': 600, 'Chemistry': 60, 'Education': 0, 'Medical': 79, 'Physics': 68, ""Queen's Building"": 139, 'Wills Memorial': 434, 'Beacon House': 373, 'Brambles and Hawthorns': 20, 'Grace Reeves': 28, 'Senate House': 519}",0,2320,684,996
11,"{'Arts and Social Sciences': 600, 'Chemistry': 60, 'Education': 0, 'Medical': 79, 'Physics': 68, ""Queen's Building"": 139, 'Wills Memorial': 434, 'Beacon House': 373, 'Brambles and Hawthorns': 20, 'Grace Reeves': 28, 'Senate House': 519}",0,2320,684,996
12,"{'Arts and Social Sciences': 592, 'Chemistry': 63, 'Education': 0, 'Medical': 83, 'Physics': 69, ""Queen's Building"": 152, 'Wills Memorial': 457, 'Beacon House': 382, 'Brambles and Hawthorns': 19, 'Grace Reeves': 23, 'Senate House': 487}",309,2327,501,863
13,"{'Arts and Social Sciences': 592, 'Chemistry': 63, 'Education': 0, 'Medical': 83, 'Physics': 69, ""Queen's Building"": 152, 'Wills Memorial': 457, 'Beacon House': 382, 'Brambles and Hawthorns': 19, 'Grace Reeves': 23, 'Senate House': 496}",0,2336,675,989
14,"{'Arts and Social Sciences': 592, 'Chemistry': 63, 'Education': 0, 'Medical': 83, 'Physics': 69, ""Queen's Building"": 152, 'Wills Memorial': 457, 'Beacon House': 382, 'Brambles and Hawthorns': 19, 'Grace Reeves': 23, 'Senate House': 496}",0,2336,675,989
15,"{'Arts and Social Sciences': 592, 'Chemistry': 63, 'Education': 0, 'Medical': 83, 'Physics': 69, ""Queen's Building"": 152, 'Wills Memorial': 457, 'Beacon House': 382, 'Brambles and Hawthorns': 19, 'Grace Reeves': 23, 'Senate House': 496}",0,2336,675,989
16,"{'Arts and Social Sciences': 583, 'Chemistry': 63, 'Education': 0, 'Medical': 73, 'Physics': 62, ""Queen's Building"": 152, 'Wills Memorial': 448, 'Beacon House': 372, 'Brambles and Hawthorns': 14, 'Grace Reeves': 22, 'Senate House': 473}",408,2262,482,848
17,"{'Arts and Social Sciences': 583, 'Chemistry': 63, 'Education': 0, 'Medical': 73, 'Physics': 62, ""Queen's Building"": 152, 'Wills Memorial': 448, 'Beacon House': 372, 'Brambles and Hawthorns': 14, 'Grace Reeves': 22, 'Senate House': 503}",0,2292,662,1046
18,"{'Arts and Social Sciences': 583, 'Chemistry': 63, 'Education': 0, 'Medical': 73, 'Physics': 62, ""Queen's Building"": 152, 'Wills Memorial': 448, 'Beacon House': 372, 'Brambles and Hawthorns': 14, 'Grace Reeves': 22, 'Senate House': 503}",0,2292,662,1046
19,"{'Arts and Social Sciences': 583, 'Chemistry': 63, 'Education': 0, 'Medical': 73, 'Physics': 62, ""Queen's Building"": 152, 'Wills Memorial': 448, 'Beacon House': 372, 'Brambles and Hawthorns': 14, 'Grace Reeves': 22, 'Senate House': 503}",0,2292,662,1046
20,"{'Arts and Social Sciences': 558, 'Chemistry': 59, 'Education': 0, 'Medical': 66, 'Physics': 56, ""Queen's Building"": 152, 'Wills Memorial': 450, 'Beacon House': 361, 'Brambles and Hawthorns': 10, 'Grace Reeves': 19, 'Senate House': 458}",398,2189,504,909
21,"{'Arts and Social Sciences': 559, 'Chemistry': 59, 'Education': 0, 'Medical': 66, 'Physics': 56, ""Queen's Building"": 152, 'Wills Memorial': 450, 'Beacon House': 361, 'Brambles and Hawthorns': 10, 'Grace Reeves': 19, 'Senate House': 491}",0,2223,692,1085
22,"{'Arts and Social Sciences': 559, 'Chemistry': 59, 'Education': 0, 'Medical': 66, 'Physics': 56, ""Queen's Building"": 152, 'Wills Memorial': 450, 'Beacon House': 361, 'Brambles and Hawthorns': 10, 'Grace Reeves': 19, 'Senate House': 491}",0,2223,692,1085
23,"{'Arts and Social Sciences': 559, 'Chemistry': 59, 'Education': 0, 'Medical': 66, 'Physics': 56, ""Queen's Building"": 152, 'Wills Memorial': 450, 'Beacon House': 361, 'Brambles and Hawthorns': 10, 'Grace Reeves': 19, 'Senate House': 491}",0,2223,692,1085
24,"{'Arts and Social Sciences': 544, 'Chemistry': 55, 'Education': 0, 'Medical': 65, 'Physics': 57, ""Queen's Building"": 152, 'Wills Memorial': 452, 'Beacon House': 364, 'Brambles and Hawthorns': 6, 'Grace Reeves': 14, 'Senate House': 452}",419,2161,499,921
25,"{'Arts and Social Sciences': 544, 'Chemistry': 55, 'Education': 0, 'Medical': 65, 'Physics': 57, ""Queen's Building"": 152, 'Wills Memorial': 452, 'Beacon House': 364, 'Brambles and Hawthorns': 6, 'Grace Reeves': 14, 'Senate House': 482}",0,2191,714,1095
26,"{'Arts and Social Sciences': 544, 'Chemistry': 55, 'Education': 0, 'Medical': 65, 'Physics': 57, ""Queen's Building"": 152, 'Wills Memorial': 452, 'Beacon House': 364, 'Brambles and Hawthorns': 6, 'Grace Reeves': 14, 'Senate House': 482}",0,2191,714,1095
27,"{'Arts and Social Sciences': 544, 'Chemistry': 55, 'Education': 0, 'Medical': 65, 'Physics': 57, ""Queen's Building"": 152, 'Wills Memorial': 452, 'Beacon House': 364, 'Brambles and Hawthorns': 6, 'Grace Reeves': 14, 'Senate House': 482}",0,2191,714,1095
28,"{'Arts and Social Sciences': 526, 'Chemistry': 52, 'Education': 0, 'Medical': 62, 'Physics': 55, ""Queen's Building"": 151, 'Wills Memorial': 435, 'Beacon House': 369, 'Brambles and Hawthorns': 4, 'Grace Reeves': 11, 'Senate House': 434}",408,2099,501,992
29,"{'Arts and Social Sciences': 526, 'Chemistry': 52, 'Education': 0, 'Medical': 62, 'Physics': 55, ""Queen's Building"": 151, 'Wills Memorial': 436, 'Beacon House': 369, 'Brambles and Hawthorns': 4, 'Grace Reeves': 11, 'Senate House': 466}",0,2132,649,1219
30,"{'Arts and Social Sciences': 526, 'Chemistry': 52, 'Education': 0, 'Medical': 62, 'Physics': 55, ""Queen's Building"": 151, 'Wills Memorial': 436, 'Beacon House': 369, 'Brambles and Hawthorns': 4, 'Grace Reeves': 11, 'Senate House': 466}",0,2132,649,1219
31,"{'Arts and Social Sciences': 526, 'Chemistry': 52, 'Education': 0, 'Medical': 62, 'Physics': 55, ""Queen's Building"": 151, 'Wills Memorial': 436, 'Beacon House': 369, 'Brambles and Hawthorns': 4, 'Grace Reeves': 11, 'Senate House': 466}",0,2132,649,1219
32,"{'Arts and Social Sciences': 498, 'Chemistry': 49, 'Education': 0, 'Medical': 55, 'Physics': 52, ""Queen's Building"": 154, 'Wills Memorial': 422, 'Beacon House': 369, 'Brambles and Hawthorns': 4, 'Grace Reeves': 6, 'Senate House': 446}",356,2055,508,1081
33,"{'Arts and Social Sciences': 499, 'Chemistry': 49, 'Education': 0, 'Medical': 55, 'Physics': 52, ""Queen's Building"": 154, 'Wills Memorial': 422, 'Beacon House': 369, 'Brambles and Hawthorns': 4, 'Grace Reeves': 6, 'Senate House': 470}",1,2080,685,1234
34,"{'Arts and Social Sciences': 499, 'Chemistry': 49, 'Education': 0, 'Medical': 55, 'Physics': 52, ""Queen's Building"": 154, 'Wills Memorial': 422, 'Beacon House': 369, 'Brambles and Hawthorns': 4, 'Grace Reeves': 6, 'Senate House': 471}",0,2081,685,1234
35,"{'Arts and Social Sciences': 499, 'Chemistry': 49, 'Education': 0, 'Medical': 55, 'Physics': 52, ""Queen's Building"": 154, 'Wills Memorial': 422, 'Beacon House': 369, 'Brambles and Hawthorns': 4, 'Grace Reeves': 6, 'Senate House': 471}",0,2081,685,1234
36,"{'Arts and Social Sciences': 496, 'Chemistry': 51, 'Education': 0, 'Medical': 45, 'Physics': 50, ""Queen's Building"": 152, 'Wills Memorial': 455, 'Beacon House': 365, 'Brambles and Hawthorns': 2, 'Grace Reeves': 2, 'Senate House': 438}",358,2056,485,1101
37,"{'Arts and Social Sciences': 497, 'Chemistry': 51, 'Education': 0, 'Medical': 45, 'Physics': 50, ""Queen's Building"": 152, 'Wills Memorial': 455, 'Beacon House': 365, 'Brambles and Hawthorns': 2, 'Grace Reeves': 2, 'Senate House': 467}",0,2086,667,1247
38,"{'Arts and Social Sciences': 497, 'Chemistry': 51, 'Education': 0, 'Medical': 45, 'Physics': 50, ""Queen's Building"": 152, 'Wills Memorial': 455, 'Beacon House': 365, 'Brambles and Hawthorns': 2, 'Grace Reeves': 2, 'Senate House': 467}",0,2086,667,1247
39,"{'Arts and Social Sciences': 497, 'Chemistry': 51, 'Education': 0, 'Medical': 45, 'Physics': 50, ""Queen's Building"": 152, 'Wills Memorial': 455, 'Beacon House': 365, 'Brambles and Hawthorns': 2, 'Grace Reeves': 2, 'Senate House': 467}",0,2086,667,1247
40,"{'Arts and Social Sciences': 594, 'Chemistry': 63, 'Education': 0, 'Medical': 63, 'Physics': 62, ""Queen's Building"": 157, 'Wills Memorial': 510, 'Beacon House': 416, 'Brambles and Hawthorns': 2, 'Grace Reeves': 2, 'Senate House': 534}",351,2403,0,1246
41,"{'Arts and Social Sciences': 594, 'Chemistry': 63, 'Education': 0, 'Medical': 63, 'Physics': 62, ""Queen's Building"": 157, 'Wills Memorial': 510, 'Beacon House': 416, 'Brambles and Hawthorns': 2, 'Grace Reeves': 2, 'Senate House': 628}",21,2497,0,1482
42,"{'Arts and Social Sciences': 614, 'Chemistry': 63, 'Education': 0, 'Medical': 63, 'Physics': 63, ""Queen's Building"": 157, 'Wills Memorial': 510, 'Beacon House': 416, 'Brambles and Hawthorns': 2, 'Grace Reeves': 2, 'Senate House': 628}",0,2518,0,1482
43,"{'Arts and Social Sciences': 614, 'Chemistry': 63, 'Education': 0, 'Medical': 63, 'Physics': 63, ""Queen's Building"": 157, 'Wills Memorial': 510, 'Beacon House': 416, 'Brambles and Hawthorns': 2, 'Grace Reeves': 2, 'Senate House': 628}",0,2518,0,1482
44,"{'Arts and Social Sciences': 612, 'Chemistry': 63, 'Education': 0, 'Medical': 63, 'Physics': 63, ""Queen's Building"": 157, 'Wills Memorial': 509, 'Beacon House': 415, 'Brambles and Hawthorns': 2, 'Grace Reeves': 2, 'Senate House': 623}",14,2509,0,1477
45,"{'Arts and Social Sciences': 612, 'Chemistry': 63, 'Education': 0, 'Medical': 64, 'Physics': 63, ""Queen's Building"": 157, 'Wills Memorial': 510, 'Beacon House': 415, 'Brambles and Hawthorns': 2, 'Grace Reeves': 2, 'Senate House': 623}",3,2511,0,1486
46,"{'Arts and Social Sciences': 612, 'Chemistry': 63, 'Education': 0, 'Medical': 64, 'Physics': 63, ""Queen's Building"": 157, 'Wills Memorial': 510, 'Beacon House': 415, 'Brambles and Hawthorns': 2, 'Grace Reeves': 2, 'Senate House': 624}",2,2512,0,1486
47,"{'Arts and Social Sciences': 614, 'Chemistry': 63, 'Education': 0, 'Medical': 64, 'Physics': 63, ""Queen's Building"": 157, 'Wills Memorial': 510, 'Beacon House': 415, 'Brambles and Hawthorns': 2, 'Grace Reeves': 2, 'Senate House': 624}",0,2514,0,1486
48,"{'Arts and Social Sciences': 0, 'Chemistry': 0, 'Education': 0, 'Medical': 0, 'Physics': 0, ""Queen's Building"": 0, 'Wills Memorial': 0, 'Beacon House': 0, 'Brambles and Hawthorns': 0, 'Grace Reeves': 0, 'Senate House': 0}",2812,0,0,1188
49,"{'Arts and Social Sciences': 620, 'Chemistry': 83, 'Education': 0, 'Medical': 97, 'Physics': 77, ""Queen's Building"": 168, 'Wills Memorial': 513, 'Beacon House': 426, 'Brambles and Hawthorns': 0, 'Grace Reeves': 0, 'Senate House': 411}",417,2395,0,1188
50,"{'Arts and Social Sciences': 620, 'Chemistry': 83, 'Education': 0, 'Medical': 97, 'Physics': 77, ""Queen's Building"": 168, 'Wills Memorial': 517, 'Beacon House': 430, 'Brambles and Hawthorns': 0, 'Grace Reeves': 0, 'Senate House': 636}",184,2628,0,1188
51,"{'Arts and Social Sciences': 714, 'Chemistry': 83, 'Education': 0, 'Medical': 105, 'Physics': 82, ""Queen's Building"": 168, 'Wills Memorial': 517, 'Beacon House': 430, 'Brambles and Hawthorns': 0, 'Grace Reeves': 0, 'Senate House': 636}",77,2735,0,1188
52,"{'Arts and Social Sciences': 605, 'Chemistry': 70, 'Education': 0, 'Medical': 92, 'Physics': 72, ""Queen's Building"": 151, 'Wills Memorial': 434, 'Beacon House': 381, 'Brambles and Hawthorns': 32, 'Grace Reeves': 33, 'Senate House': 554}",183,2424,341,1052
53,"{'Arts and Social Sciences': 607, 'Chemistry': 70, 'Education': 0, 'Medical': 92, 'Physics': 72, ""Queen's Building"": 151, 'Wills Memorial': 435, 'Beacon House': 381, 'Brambles and Hawthorns': 33, 'Grace Reeves': 33, 'Senate House': 554}",0,2428,520,1052
54,"{'Arts and Social Sciences': 607, 'Chemistry': 70, 'Education': 0, 'Medical': 92, 'Physics': 72, ""Queen's Building"": 151, 'Wills Memorial': 435, 'Beacon House': 381, 'Brambles and Hawthorns': 33, 'Grace Reeves': 33, 'Senate House': 554}",0,2428,520,1052
55,"{'Arts and Social Sciences': 607, 'Chemistry': 70, 'Education': 0, 'Medical': 92, 'Physics': 72, ""Queen's Building"": 151, 'Wills Memorial': 435, 'Beacon House': 381, 'Brambles and Hawthorns': 33, 'Grace Reeves': 33, 'Senate House': 554}",0,2428,520,1052
56,"{'Arts and Social Sciences': 591, 'Chemistry': 73, 'Education': 0, 'Medical': 87, 'Physics': 65, ""Queen's Building"": 152, 'Wills Memorial': 441, 'Beacon House': 379, 'Brambles and Hawthorns': 31, 'Grace Reeves': 31, 'Senate House': 507}",234,2357,474,935
57,"{'Arts and Social Sciences': 592, 'Chemistry': 73, 'Education': 0, 'Medical': 87, 'Physics': 65, ""Queen's Building"": 152, 'Wills Memorial': 442, 'Beacon House': 379, 'Brambles and Hawthorns': 31, 'Grace Reeves': 31, 'Senate House': 511}",0,2363,635,1002
58,"{'Arts and Social Sciences': 592, 'Chemistry': 73, 'Education': 0, 'Medical': 87, 'Physics': 65, ""Queen's Building"": 152, 'Wills Memorial': 442, 'Beacon House': 379, 'Brambles and Hawthorns': 31, 'Grace Reeves': 31, 'Senate House': 511}",0,2363,635,1002
59,"{'Arts and Social Sciences': 592, 'Chemistry': 73, 'Education': 0, 'Medical': 87, 'Physics': 65, ""Queen's Building"": 152, 'Wills Memorial': 442, 'Beacon House': 379, 'Brambles and Hawthorns': 31, 'Grace Reeves': 31, 'Senate House': 511}",0,2363,635,1002
60,"{'Arts and Social Sciences': 582, 'Chemistry': 78, 'Education': 0, 'Medical': 88, 'Physics': 68, ""Queen's Building"": 152, 'Wills Memorial': 448, 'Beacon House': 369, 'Brambles and Hawthorns': 28, 'Grace Reeves': 28, 'Senate House': 482}",353,2323,474,850
61,"{'Arts and Social Sciences': 582, 'Chemistry': 79, 'Education': 0, 'Medical': 88, 'Physics': 68, ""Queen's Building"": 152, 'Wills Memorial': 448, 'Beacon House': 369, 'Brambles and Hawthorns': 28, 'Grace Reeves': 28, 'Senate House': 515}",0,2357,666,977
62,"{'Arts and Social Sciences': 582, 'Chemistry': 79, 'Education': 0, 'Medical': 88, 'Physics': 68, ""Queen's Building"": 152, 'Wills Memorial': 448, 'Beacon House': 369, 'Brambles and Hawthorns': 28, 'Grace Reeves': 28, 'Senate House': 515}",0,2357,666,977
63,"{'Arts and Social Sciences': 582, 'Chemistry': 79, 'Education': 0, 'Medical': 88, 'Physics': 68, ""Queen's Building"": 152, 'Wills Memorial': 448, 'Beacon House': 369, 'Brambles and Hawthorns': 28, 'Grace Reeves': 28, 'Senate House': 515}",0,2357,666,977
64,"{'Arts and Social Sciences': 558, 'Chemistry': 75, 'Education': 0, 'Medical': 81, 'Physics': 67, ""Queen's Building"": 153, 'Wills Memorial': 449, 'Beacon House': 378, 'Brambles and Hawthorns': 25, 'Grace Reeves': 25, 'Senate House': 471}",382,2282,479,857
65,"{'Arts and Social Sciences': 558, 'Chemistry': 75, 'Education': 0, 'Medical': 81, 'Physics': 67, ""Queen's Building"": 153, 'Wills Memorial': 449, 'Beacon House': 378, 'Brambles and Hawthorns': 25, 'Grace Reeves': 25, 'Senate House': 506}",0,2317,640,1043
66,"{'Arts and Social Sciences': 558, 'Chemistry': 75, 'Education': 0, 'Medical': 81, 'Physics': 67, ""Queen's Building"": 153, 'Wills Memorial': 449, 'Beacon House': 378, 'Brambles and Hawthorns': 25, 'Grace Reeves': 25, 'Senate House': 506}",0,2317,640,1043
67,"{'Arts and Social Sciences': 558, 'Chemistry': 75, 'Education': 0, 'Medical': 81, 'Physics': 67, ""Queen's Building"": 153, 'Wills Memorial': 449, 'Beacon House': 378, 'Brambles and Hawthorns': 25, 'Grace Reeves': 25, 'Senate House': 506}",0,2317,640,1043
68,"{'Arts and Social Sciences': 551, 'Chemistry': 65, 'Education': 0, 'Medical': 80, 'Physics': 66, ""Queen's Building"": 151, 'Wills Memorial': 453, 'Beacon House': 372, 'Brambles and Hawthorns': 17, 'Grace Reeves': 20, 'Senate House': 478}",390,2253,454,903
69,"{'Arts and Social Sciences': 553, 'Chemistry': 65, 'Education': 0, 'Medical': 80, 'Physics': 66, ""Queen's Building"": 151, 'Wills Memorial': 453, 'Beacon House': 372, 'Brambles and Hawthorns': 17, 'Grace Reeves': 20, 'Senate House': 494}",0,2271,647,1082
70,"{'Arts and Social Sciences': 553, 'Chemistry': 65, 'Education': 0, 'Medical': 80, 'Physics': 66, ""Queen's Building"": 151, 'Wills Memorial': 453, 'Beacon House': 372, 'Brambles and Hawthorns': 17, 'Grace Reeves': 20, 'Senate House': 494}",0,2271,647,1082
71,"{'Arts and Social Sciences': 553, 'Chemistry': 65, 'Education': 0, 'Medical': 80, 'Physics': 66, ""Queen's Building"": 151, 'Wills Memorial': 453, 'Beacon House': 372, 'Brambles and Hawthorns': 17, 'Grace Reeves': 20, 'Senate House': 494}",0,2271,647,1082
72,"{'Arts and Social Sciences': 518, 'Chemistry': 68, 'Education': 0, 'Medical': 72, 'Physics': 63, ""Queen's Building"": 154, 'Wills Memorial': 435, 'Beacon House': 358, 'Brambles and Hawthorns': 11, 'Grace Reeves': 19, 'Senate House': 461}",390,2159,525,926
73,"{'Arts and Social Sciences': 518, 'Chemistry': 68, 'Education': 0, 'Medical': 72, 'Physics': 63, ""Queen's Building"": 154, 'Wills Memorial': 436, 'Beacon House': 358, 'Brambles and Hawthorns': 11, 'Grace Reeves': 19, 'Senate House': 480}",0,2179,719,1102
74,"{'Arts and Social Sciences': 518, 'Chemistry': 68, 'Education': 0, 'Medical': 72, 'Physics': 63, ""Queen's Building"": 154, 'Wills Memorial': 436, 'Beacon House': 358, 'Brambles and Hawthorns': 11, 'Grace Reeves': 19, 'Senate House': 480}",0,2179,719,1102
75,"{'Arts and Social Sciences': 518, 'Chemistry': 68, 'Education': 0, 'Medical': 72, 'Physics': 63, ""Queen's Building"": 154, 'Wills Memorial': 436, 'Beacon House': 358, 'Brambles and Hawthorns': 11, 'Grace Reeves': 19, 'Senate House': 480}",0,2179,719,1102
76,"{'Arts and Social Sciences': 499, 'Chemistry': 61, 'Education': 0, 'Medical': 57, 'Physics': 58, ""Queen's Building"": 152, 'Wills Memorial': 442, 'Beacon House': 366, 'Brambles and Hawthorns': 9, 'Grace Reeves': 16, 'Senate House': 454}",407,2114,510,969
77,"{'Arts and Social Sciences': 499, 'Chemistry': 61, 'Education': 0, 'Medical': 57, 'Physics': 58, ""Queen's Building"": 152, 'Wills Memorial': 442, 'Beacon House': 366, 'Brambles and Hawthorns': 9, 'Grace Reeves': 16, 'Senate House': 483}",0,2143,681,1176
78,"{'Arts and Social Sciences': 499, 'Chemistry': 61, 'Education': 0, 'Medical': 57, 'Physics': 58, ""Queen's Building"": 152, 'Wills Memorial': 442, 'Beacon House': 366, 'Brambles and Hawthorns': 9, 'Grace Reeves': 16, 'Senate House': 483}",0,2143,681,1176
79,"{'Arts and Social Sciences': 499, 'Chemistry': 61, 'Education': 0, 'Medical': 57, 'Physics': 58, ""Queen's Building"": 152, 'Wills Memorial': 442, 'Beacon House': 366, 'Brambles and Hawthorns': 9, 'Grace Reeves': 16, 'Senate House': 483}",0,2143,681,1176
80,"{'Arts and Social Sciences': 470, 'Chemistry': 61, 'Education': 0, 'Medical': 54, 'Physics': 54, ""Queen's Building"": 152, 'Wills Memorial': 433, 'Beacon House': 356, 'Brambles and Hawthorns': 4, 'Grace Reeves': 12, 'Senate House': 443}",399,2039,521,1041
81,"{'Arts and Social Sciences': 470, 'Chemistry': 61, 'Education': 0, 'Medical': 54, 'Physics': 54, ""Queen's Building"": 152, 'Wills Memorial': 434, 'Beacon House': 356, 'Brambles and Hawthorns': 4, 'Grace Reeves': 12, 'Senate House': 459}",0,2056,702,1242
82,"{'Arts and Social Sciences': 470, 'Chemistry': 61, 'Education': 0, 'Medical': 54, 'Physics': 54, ""Queen's Building"": 152, 'Wills Memorial': 434, 'Beacon House': 356, 'Brambles and Hawthorns': 4, 'Grace Reeves': 12, 'Senate House': 459}",0,2056,702,1242
83,"{'Arts and Social Sciences': 470, 'Chemistry': 61, 'Education': 0, 'Medical': 54, 'Physics': 54, ""Queen's Building"": 152, 'Wills Memorial': 434, 'Beacon House': 356, 'Brambles and Hawthorns': 4, 'Grace Reeves': 12, 'Senate House': 459}",0,2056,702,1242
84,"{'Arts and Social Sciences': 475, 'Chemistry': 63, 'Education': 0, 'Medical': 48, 'Physics': 50, ""Queen's Building"": 151, 'Wills Memorial': 443, 'Beacon House': 366, 'Brambles and Hawthorns': 3, 'Grace Reeves': 4, 'Senate House': 430}",354,2033,503,1110
85,"{'Arts and Social Sciences': 475, 'Chemistry': 63, 'Education': 0, 'Medical': 48, 'Physics': 50, ""Queen's Building"": 151, 'Wills Memorial': 443, 'Beacon House': 366, 'Brambles and Hawthorns': 3, 'Grace Reeves': 4, 'Senate House': 456}",0,2059,686,1255
86,"{'Arts and Social Sciences': 475, 'Chemistry': 63, 'Education': 0, 'Medical': 48, 'Physics': 50, ""Queen's Building"": 151, 'Wills Memorial': 443, 'Beacon House': 366, 'Brambles and Hawthorns': 3, 'Grace Reeves': 4, 'Senate House': 456}",0,2059,686,1255
87,"{'Arts and Social Sciences': 475, 'Chemistry': 63, 'Education': 0, 'Medical': 48, 'Physics': 50, ""Queen's Building"": 151, 'Wills Memorial': 443, 'Beacon House': 366, 'Brambles and Hawthorns': 3, 'Grace Reeves': 4, 'Senate House': 456}",0,2059,686,1255
88,"{'Arts and Social Sciences': 565, 'Chemistry': 77, 'Education': 0, 'Medical': 60, 'Physics': 65, ""Queen's Building"": 159, 'Wills Memorial': 509, 'Beacon House': 418, 'Brambles and Hawthorns': 3, 'Grace Reeves': 4, 'Senate House': 524}",361,2384,0,1255
89,"{'Arts and Social Sciences': 565, 'Chemistry': 77, 'Education': 0, 'Medical': 60, 'Physics': 65, ""Queen's Building"": 159, 'Wills Memorial': 510, 'Beacon House': 419, 'Brambles and Hawthorns': 3, 'Grace Reeves': 4, 'Senate House': 625}",28,2487,0,1485
90,"{'Arts and Social Sciences': 593, 'Chemistry': 77, 'Education': 0, 'Medical': 60, 'Physics': 65, ""Queen's Building"": 159, 'Wills Memorial': 510, 'Beacon House': 419, 'Brambles and Hawthorns': 3, 'Grace Reeves': 4, 'Senate House': 625}",0,2515,0,1485
91,"{'Arts and Social Sciences': 593, 'Chemistry': 77, 'Education': 0, 'Medical': 60, 'Physics': 65, ""Queen's Building"": 159, 'Wills Memorial': 510, 'Beacon House': 419, 'Brambles and Hawthorns': 3, 'Grace Reeves': 4, 'Senate House': 625}",0,2515,0,1485
92,"{'Arts and Social Sciences': 593, 'Chemistry': 77, 'Education': 0, 'Medical': 58, 'Physics': 65, ""Queen's Building"": 159, 'Wills Memorial': 507, 'Beacon House': 419, 'Brambles and Hawthorns': 3, 'Grace Reeves': 4, 'Senate House': 623}",15,2508,0,1477
93,"{'Arts and Social Sciences': 596, 'Chemistry': 77, 'Education': 0, 'Medical': 58, 'Physics': 65, ""Queen's Building"": 159, 'Wills Memorial': 507, 'Beacon House': 419, 'Brambles and Hawthorns': 3, 'Grace Reeves': 4, 'Senate House': 627}",1,2515,0,1484
94,"{'Arts and Social Sciences': 596, 'Chemistry': 77, 'Education': 0, 'Medical': 58, 'Physics': 65, ""Queen's Building"": 159, 'Wills Memorial': 508, 'Beacon House': 419, 'Brambles and Hawthorns': 3, 'Grace Reeves': 4, 'Senate House': 627}",0,2516,0,1484
95,"{'Arts and Social Sciences': 596, 'Chemistry': 77, 'Education': 0, 'Medical': 58, 'Physics': 65, ""Queen's Building"": 159, 'Wills Memorial': 508, 'Beacon House': 419, 'Brambles and Hawthorns': 3, 'Grace Reeves': 4, 'Senate House': 627}",0,2516,0,1484
96,"{'Arts and Social Sciences': 0, 'Chemistry': 0, 'Education': 0, 'Medical': 0, 'Physics': 0, ""Queen's Building"": 0, 'Wills Memorial': 0, 'Beacon House': 0, 'Brambles and Hawthorns': 0, 'Grace Reeves': 0, 'Senate House': 0}",2816,0,0,1184
97,"{'Arts and Social Sciences': 632, 'Chemistry': 78, 'Education': 0, 'Medical': 98, 'Physics': 76, ""Queen's Building"": 168, 'Wills Memorial': 508, 'Beacon House': 426, 'Brambles and Hawthorns': 0, 'Grace Reeves': 0, 'Senate House': 415}",415,2401,0,1184
98,"{'Arts and Social Sciences': 632, 'Chemistry': 78, 'Education': 0, 'Medical': 98, 'Physics': 76, ""Queen's Building"": 168, 'Wills Memorial': 517, 'Beacon House': 427, 'Brambles and Hawthorns': 0, 'Grace Reeves': 0, 'Senate House': 641}",179,2637,0,1184
99,"{'Arts and Social Sciences': 714, 'Chemistry': 78, 'Education': 0, 'Medical': 100, 'Physics': 79, ""Queen's Building"": 168, 'Wills Memorial': 517, 'Beacon House': 427, 'Brambles and Hawthorns': 0, 'Grace Reeves': 0, 'Senate House': 641}",92,2724,0,1184
100,"{'Arts and Social Sciences': 596, 'Chemistry': 73, 'Education': 0, 'Medical': 84, 'Physics': 67, ""Queen's Building"": 140, 'Wills Memorial': 442, 'Beacon House': 373, 'Brambles and Hawthorns': 48, 'Grace Reeves': 36, 'Senate House': 563}",188,2422,361,1029
101,"{'Arts and Social Sciences': 597, 'Chemistry': 73, 'Education': 0, 'Medical': 84, 'Physics': 67, ""Queen's Building"": 140, 'Wills Memorial': 443, 'Beacon House': 373, 'Brambles and Hawthorns': 48, 'Grace Reeves': 36, 'Senate House': 563}",0,2424,546,1030
102,"{'Arts and Social Sciences': 597, 'Chemistry': 73, 'Education': 0, 'Medical': 84, 'Physics': 67, ""Queen's Building"": 140, 'Wills Memorial': 443, 'Beacon House': 373, 'Brambles and Hawthorns': 48, 'Grace Reeves': 36, 'Senate House': 563}",0,2424,546,1030
103,"{'Arts and Social Sciences': 597, 'Chemistry': 73, 'Education': 0, 'Medical': 84, 'Physics': 67, ""Queen's Building"": 140, 'Wills Memorial': 443, 'Beacon House': 373, 'Brambles and Hawthorns': 48, 'Grace Reeves': 36, 'Senate House': 563}",0,2424,546,1030
104,"{'Arts and Social Sciences': 583, 'Chemistry': 61, 'Education': 0, 'Medical': 79, 'Physics': 65, ""Queen's Building"": 148, 'Wills Memorial': 445, 'Beacon House': 352, 'Brambles and Hawthorns': 45, 'Grace Reeves': 36, 'Senate House': 521}",252,2335,518,895
105,"{'Arts and Social Sciences': 584, 'Chemistry': 61, 'Education': 0, 'Medical': 79, 'Physics': 65, ""Queen's Building"": 148, 'Wills Memorial': 445, 'Beacon House': 352, 'Brambles and Hawthorns': 45, 'Grace Reeves': 36, 'Senate House': 521}",0,2336,690,974
106,"{'Arts and Social Sciences': 584, 'Chemistry': 61, 'Education': 0, 'Medical': 79, 'Physics': 65, ""Queen's Building"": 148, 'Wills Memorial': 445, 'Beacon House': 352, 'Brambles and Hawthorns': 45, 'Grace Reeves': 36, 'Senate House': 521}",0,2336,690,974
107,"{'Arts and Social Sciences': 584, 'Chemistry': 61, 'Education': 0, 'Medical': 79, 'Physics': 65, ""Queen's Building"": 148, 'Wills Memorial': 445, 'Beacon House': 352, 'Brambles and Hawthorns': 45, 'Grace Reeves': 36, 'Senate House': 521}",0,2336,690,974
108,"{'Arts and Social Sciences': 581, 'Chemistry': 62, 'Education': 0, 'Medical': 79, 'Physics': 62, ""Queen's Building"": 151, 'Wills Memorial': 456, 'Beacon House': 381, 'Brambles and Hawthorns': 41, 'Grace Reeves': 36, 'Senate House': 513}",334,2362,451,853
109,"{'Arts and Social Sciences': 581, 'Chemistry': 62, 'Education': 0, 'Medical': 79, 'Physics': 62, ""Queen's Building"": 151, 'Wills Memorial': 456, 'Beacon House': 381, 'Brambles and Hawthorns': 41, 'Grace Reeves': 36, 'Senate House': 542}",0,2391,611,998
110,"{'Arts and Social Sciences': 581, 'Chemistry': 62, 'Education': 0, 'Medical': 79, 'Physics': 62, ""Queen's Building"": 151, 'Wills Memorial': 456, 'Beacon House': 381, 'Brambles and Hawthorns': 41, 'Grace Reeves': 36, 'Senate House': 542}",0,2391,611,998
111,"{'Arts and Social Sciences': 581, 'Chemistry': 62, 'Education': 0, 'Medical': 79, 'Physics': 62, ""Queen's Building"": 151, 'Wills Memorial': 456, 'Beacon House': 381, 'Brambles and Hawthorns': 41, 'Grace Reeves': 36, 'Senate House': 542}",0,2391,611,998
112,"{'Arts and Social Sciences': 555, 'Chemistry': 62, 'Education': 0, 'Medical': 72, 'Physics': 59, ""Queen's Building"": 143, 'Wills Memorial': 449, 'Beacon House': 377, 'Brambles and Hawthorns': 33, 'Grace Reeves': 32, 'Senate House': 476}",405,2258,489,848
113,"{'Arts and Social Sciences': 555, 'Chemistry': 62, 'Education': 0, 'Medical': 72, 'Physics': 59, ""Queen's Building"": 143, 'Wills Memorial': 450, 'Beacon House': 377, 'Brambles and Hawthorns': 33, 'Grace Reeves': 32, 'Senate House': 491}",0,2274,696,1030
114,"{'Arts and Social Sciences': 555, 'Chemistry': 62, 'Education': 0, 'Medical': 72, 'Physics': 59, ""Queen's Building"": 143, 'Wills Memorial': 450, 'Beacon House': 377, 'Brambles and Hawthorns': 33, 'Grace Reeves': 32, 'Senate House': 491}",0,2274,696,1030
115,"{'Arts and Social Sciences': 555, 'Chemistry': 62, 'Education': 0, 'Medical': 72, 'Physics': 59, ""Queen's Building"": 143, 'Wills Memorial': 450, 'Beacon House': 377, 'Brambles and Hawthorns': 33, 'Grace Reeves': 32, 'Senate House': 491}",0,2274,696,1030
116,"{'Arts and Social Sciences': 532, 'Chemistry': 59, 'Education': 0, 'Medical': 67, 'Physics': 63, ""Queen's Building"": 153, 'Wills Memorial': 433, 'Beacon House': 375, 'Brambles and Hawthorns': 26, 'Grace Reeves': 24, 'Senate House': 460}",387,2192,510,911
117,"{'Arts and Social Sciences': 532, 'Chemistry': 59, 'Education': 0, 'Medical': 67, 'Physics': 63, ""Queen's Building"": 153, 'Wills Memorial': 433, 'Beacon House': 375, 'Brambles and Hawthorns': 26, 'Grace Reeves': 24, 'Senate House': 477}",0,2209,690,1101
118,"{'Arts and Social Sciences': 532, 'Chemistry': 59, 'Education': 0, 'Medical': 67, 'Physics': 63, ""Queen's Building"": 153, 'Wills Memorial': 433, 'Beacon House': 375, 'Brambles and Hawthorns': 26, 'Grace Reeves': 24, 'Senate House': 477}",0,2209,690,1101
119,"{'Arts and Social Sciences': 532, 'Chemistry': 59, 'Education': 0, 'Medical': 67, 'Physics': 63, ""Queen's Building"": 153, 'Wills Memorial': 433, 'Beacon House': 375, 'Brambles and Hawthorns': 26, 'Grace Reeves': 24, 'Senate House': 477}",0,2209,690,1101
120,"{'Arts and Social Sciences': 518, 'Chemistry': 56, 'Education': 0, 'Medical': 60, 'Physics': 61, ""Queen's Building"": 151, 'Wills Memorial': 416, 'Beacon House': 384, 'Brambles and Hawthorns': 18, 'Grace Reeves': 21, 'Senate House': 437}",407,2122,498,973
121,"{'Arts and Social Sciences': 518, 'Chemistry': 56, 'Education': 0, 'Medical': 60, 'Physics': 61, ""Queen's Building"": 151, 'Wills Memorial': 416, 'Beacon House': 384, 'Brambles and Hawthorns': 18, 'Grace Reeves': 21, 'Senate House': 465}",0,2150,674,1176
122,"{'Arts and Social Sciences': 518, 'Chemistry': 56, 'Education': 0, 'Medical': 60, 'Physics': 61, ""Queen's Building"": 151, 'Wills Memorial': 416, 'Beacon House': 384, 'Brambles and Hawthorns': 18, 'Grace Reeves': 21, 'Senate House': 465}",0,2150,674,1176
123,"{'Arts and Social Sciences': 518, 'Chemistry': 56, 'Education': 0, 'Medical': 60, 'Physics': 61, ""Queen's Building"": 151, 'Wills Memorial': 416, 'Beacon House': 384, 'Brambles and Hawthorns': 18, 'Grace Reeves': 21, 'Senate House': 465}",0,2150,674,1176
124,"{'Arts and Social Sciences': 478, 'Chemistry': 50, 'Education': 0, 'Medical': 51, 'Physics': 56, ""Queen's Building"": 152, 'Wills Memorial': 426, 'Beacon House': 380, 'Brambles and Hawthorns': 12, 'Grace Reeves': 15, 'Senate House': 428}",407,2048,502,1043
125,"{'Arts and Social Sciences': 478, 'Chemistry': 50, 'Education': 0, 'Medical': 51, 'Physics': 56, ""Queen's Building"": 152, 'Wills Memorial': 426, 'Beacon House': 380, 'Brambles and Hawthorns': 12, 'Grace Reeves': 15, 'Senate House': 464}",0,2084,690,1226
126,"{'Arts and Social Sciences': 478, 'Chemistry': 50, 'Education': 0, 'Medical': 51, 'Physics': 56, ""Queen's Building"": 152, 'Wills Memorial': 426, 'Beacon House': 380, 'Brambles and Hawthorns': 12, 'Grace Reeves': 15, 'Senate House': 464}",0,2084,690,1226
127,"{'Arts and Social Sciences': 478, 'Chemistry': 50, 'Education': 0, 'Medical': 51, 'Physics': 56, ""Queen's Building"": 152, 'Wills Memorial': 426, 'Beacon House': 380, 'Brambles and Hawthorns': 12, 'Grace Reeves': 15, 'Senate House': 464}",0,2084,690,1226
128,"{'Arts and Social Sciences': 466, 'Chemistry': 40, 'Education': 0, 'Medical': 46, 'Physics': 51, ""Queen's Building"": 150, 'Wills Memorial': 446, 'Beacon House': 390, 'Brambles and Hawthorns': 8, 'Grace Reeves': 10, 'Senate House': 432}",388,2039,475,1098
129,"{'Arts and Social Sciences': 467, 'Chemistry': 40, 'Education': 0, 'Medical': 46, 'Physics': 51, ""Queen's Building"": 150, 'Wills Memorial': 446, 'Beacon House': 390, 'Brambles and Hawthorns': 8, 'Grace Reeves': 10, 'Senate House': 466}",0,2074,635,1291
130,"{'Arts and Social Sciences': 467, 'Chemistry': 40, 'Education': 0, 'Medical': 46, 'Physics': 51, ""Queen's Building"": 150, 'Wills Memorial': 446, 'Beacon House': 390, 'Brambles and Hawthorns': 8, 'Grace Reeves': 10, 'Senate House': 466}",0,2074,635,1291
131,"{'Arts and Social Sciences': 467, 'Chemistry': 40, 'Education': 0, 'Medical': 46, 'Physics': 51, ""Queen's Building"": 150, 'Wills Memorial': 446, 'Beacon House': 390, 'Brambles and Hawthorns': 8, 'Grace Reeves': 10, 'Senate House': 466}",0,2074,635,1291
132,"{'Arts and Social Sciences': 457, 'Chemistry': 44, 'Education': 0, 'Medical': 44, 'Physics': 45, ""Queen's Building"": 149, 'Wills Memorial': 438, 'Beacon House': 382, 'Brambles and Hawthorns': 2, 'Grace Reeves': 3, 'Senate House': 434}",360,1998,488,1154
133,"{'Arts and Social Sciences': 457, 'Chemistry': 44, 'Education': 0, 'Medical': 44, 'Physics': 45, ""Queen's Building"": 149, 'Wills Memorial': 438, 'Beacon House': 382, 'Brambles and Hawthorns': 2, 'Grace Reeves': 3, 'Senate House': 462}",0,2026,671,1303
134,"{'Arts and Social Sciences': 457, 'Chemistry': 44, 'Education': 0, 'Medical': 44, 'Physics': 45, ""Queen's Building"": 149, 'Wills Memorial': 438, 'Beacon House': 382, 'Brambles and Hawthorns': 2, 'Grace Reeves': 3, 'Senate House': 462}",0,2026,671,1303
135,"{'Arts and Social Sciences': 457, 'Chemistry': 44, 'Education': 0, 'Medical': 44, 'Physics': 45, ""Queen's Building"": 149, 'Wills Memorial': 438, 'Beacon House': 382, 'Brambles and Hawthorns': 2, 'Grace Reeves': 3, 'Senate House': 462}",0,2026,671,1303
136,"{'Arts and Social Sciences': 568, 'Chemistry': 55, 'Education': 0, 'Medical': 61, 'Physics': 62, ""Queen's Building"": 157, 'Wills Memorial': 509, 'Beacon House': 421, 'Brambles and Hawthorns': 2, 'Grace Reeves': 3, 'Senate House': 517}",343,2355,0,1302
137,"{'Arts and Social Sciences': 569, 'Chemistry': 55, 'Education': 0, 'Medical': 61, 'Physics': 62, ""Queen's Building"": 157, 'Wills Memorial': 512, 'Beacon House': 421, 'Brambles and Hawthorns': 2, 'Grace Reeves': 3, 'Senate House': 602}",20,2444,0,1536
138,"{'Arts and Social Sciences': 589, 'Chemistry': 55, 'Education': 0, 'Medical': 61, 'Physics': 62, ""Queen's Building"": 157, 'Wills Memorial': 512, 'Beacon House': 421, 'Brambles and Hawthorns': 2, 'Grace Reeves': 3, 'Senate House': 602}",0,2464,0,1536
139,"{'Arts and Social Sciences': 589, 'Chemistry': 55, 'Education': 0, 'Medical': 61, 'Physics': 62, ""Queen's Building"": 157, 'Wills Memorial': 512, 'Beacon House': 421, 'Brambles and Hawthorns': 2, 'Grace Reeves': 3, 'Senate House': 602}",0,2464,0,1536
140,"{'Arts and Social Sciences': 587, 'Chemistry': 55, 'Education': 0, 'Medical': 61, 'Physics': 62, ""Queen's Building"": 157, 'Wills Memorial': 511, 'Beacon House': 421, 'Brambles and Hawthorns': 2, 'Grace Reeves': 3, 'Senate House': 598}",12,2457,0,1531
141,"{'Arts and Social Sciences': 588, 'Chemistry': 55, 'Education': 0, 'Medical': 62, 'Physics': 62, ""Queen's Building"": 157, 'Wills Memorial': 511, 'Beacon House': 421, 'Brambles and Hawthorns': 2, 'Grace Reeves': 3, 'Senate House': 598}",3,2459,0,1538
142,"{'Arts and Social Sciences': 588, 'Chemistry': 55, 'Education': 0, 'Medical': 62, 'Physics': 62, ""Queen's Building"": 157, 'Wills Memorial': 511, 'Beacon House': 422, 'Brambles and Hawthorns': 2, 'Grace Reeves': 3, 'Senate House': 600}",0,2462,0,1538
143,"{'Arts and Social Sciences': 588, 'Chemistry': 55, 'Education': 0, 'Medical': 62, 'Physics': 62, ""Queen's Building"": 157, 'Wills Memorial': 511, 'Beacon House': 422, 'Brambles and Hawthorns': 2, 'Grace Reeves': 3, 'Senate House': 600}",0,2462,0,1538
144,"{'Arts and Social Sciences': 0, 'Chemistry': 0, 'Education': 0, 'Medical': 0, 'Physics': 0, ""Queen's Building"": 0, 'Wills Memorial': 0, 'Beacon House': 0, 'Brambles and Hawthorns': 0, 'Grace Reeves': 0, 'Senate House': 0}",2799,0,0,1201
145,"{'Arts and Social Sciences': 626, 'Chemistry': 76, 'Education': 0, 'Medical': 108, 'Physics': 89, ""Queen's Building"": 168, 'Wills Memorial': 509, 'Beacon House': 430, 'Brambles and Hawthorns': 0, 'Grace Reeves': 0, 'Senate House': 409}",384,2415,0,1201
146,"{'Arts and Social Sciences': 626, 'Chemistry': 76, 'Education': 0, 'Medical': 108, 'Physics': 89, ""Queen's Building"": 168, 'Wills Memorial': 514, 'Beacon House': 432, 'Brambles and Hawthorns': 0, 'Grace Reeves': 0, 'Senate House': 638}",148,2651,0,1201
147,"{'Arts and Social Sciences': 717, 'Chemistry': 76, 'Education': 0, 'Medical': 114, 'Physics': 93, ""Queen's Building"": 168, 'Wills Memorial': 514, 'Beacon House': 432, 'Brambles and Hawthorns': 0, 'Grace Reeves': 0, 'Senate House': 638}",47,2752,0,1201
148,"{'Arts and Social Sciences': 603, 'Chemistry': 70, 'Education': 0, 'Medical': 96, 'Physics': 88, ""Queen's Building"": 151, 'Wills Memorial': 448, 'Beacon House': 371, 'Brambles and Hawthorns': 20, 'Grace Reeves': 23, 'Senate House': 545}",191,2415,343,1051
149,"{'Arts and Social Sciences': 603, 'Chemistry': 70, 'Education': 0, 'Medical': 96, 'Physics': 88, ""Queen's Building"": 151, 'Wills Memorial': 450, 'Beacon House': 371, 'Brambles and Hawthorns': 20, 'Grace Reeves': 23, 'Senate House': 546}",0,2418,530,1052
150,"{'Arts and Social Sciences': 603, 'Chemistry': 70, 'Education': 0, 'Medical': 96, 'Physics': 88, ""Queen's Building"": 151, 'Wills Memorial': 450, 'Beacon House': 371, 'Brambles and Hawthorns': 20, 'Grace Reeves': 23, 'Senate House': 546}",0,2418,530,1052
151,"{'Arts and Social Sciences': 603, 'Chemistry': 70, 'Education': 0, 'Medical': 96, 'Physics': 88, ""Queen's Building"": 151, 'Wills Memorial': 450, 'Beacon House': 371, 'Brambles and Hawthorns': 20, 'Grace Reeves': 23, 'Senate House': 546}",0,2418,530,1052
152,"{'Arts and Social Sciences': 598, 'Chemistry': 68, 'Education': 0, 'Medical': 87, 'Physics': 83, ""Queen's Building"": 150, 'Wills Memorial': 449, 'Beacon House': 370, 'Brambles and Hawthorns': 16, 'Grace Reeves': 23, 'Senate House': 517}",228,2361,471,940
153,"{'Arts and Social Sciences': 600, 'Chemistry': 68, 'Education': 0, 'Medical': 87, 'Physics': 83, ""Queen's Building"": 150, 'Wills Memorial': 449, 'Beacon House': 370, 'Brambles and Hawthorns': 16, 'Grace Reeves': 23, 'Senate House': 523}",0,2369,618,1013
154,"{'Arts and Social Sciences': 600, 'Chemistry': 68, 'Education': 0, 'Medical': 87, 'Physics': 83, ""Queen's Building"": 150, 'Wills Memorial': 449, 'Beacon House': 370, 'Brambles and Hawthorns': 16, 'Grace Reeves': 23, 'Senate House': 523}",0,2369,618,1013
155,"{'Arts and Social Sciences': 600, 'Chemistry': 68, 'Education': 0, 'Medical': 87, 'Physics': 83, ""Queen's Building"": 150, 'Wills Memorial': 449, 'Beacon House': 370, 'Brambles and Hawthorns': 16, 'Grace Reeves': 23, 'Senate House': 523}",0,2369,618,1013
156,"{'Arts and Social Sciences': 579, 'Chemistry': 63, 'Education': 0, 'Medical': 85, 'Physics': 75, ""Queen's Building"": 151, 'Wills Memorial': 443, 'Beacon House': 375, 'Brambles and Hawthorns': 12, 'Grace Reeves': 18, 'Senate House': 495}",329,2296,494,881
157,"{'Arts and Social Sciences': 579, 'Chemistry': 63, 'Education': 0, 'Medical': 85, 'Physics': 75, ""Queen's Building"": 151, 'Wills Memorial': 443, 'Beacon House': 375, 'Brambles and Hawthorns': 12, 'Grace Reeves': 18, 'Senate House': 519}",0,2320,675,1005
158,"{'Arts and Social Sciences': 579, 'Chemistry': 63, 'Education': 0, 'Medical': 85, 'Physics': 75, ""Queen's Building"": 151, 'Wills Memorial': 443, 'Beacon House': 375, 'Brambles and Hawthorns': 12, 'Grace Reeves': 18, 'Senate House': 519}",0,2320,675,1005
159,"{'Arts and Social Sciences': 579, 'Chemistry': 63, 'Education': 0, 'Medical': 85, 'Physics': 75, ""Queen's Building"": 151, 'Wills Memorial': 443, 'Beacon House': 375, 'Brambles and Hawthorns': 12, 'Grace Reeves': 18, 'Senate House': 519}",0,2320,675,1005
160,"{'Arts and Social Sciences': 569, 'Chemistry': 53, 'Education': 0, 'Medical': 73, 'Physics': 71, ""Queen's Building"": 150, 'Wills Memorial': 440, 'Beacon House': 381, 'Brambles and Hawthorns': 9, 'Grace Reeves': 17, 'Senate House': 484}",382,2247,507,864
161,"{'Arts and Social Sciences': 569, 'Chemistry': 53, 'Education': 0, 'Medical': 73, 'Physics': 71, ""Queen's Building"": 151, 'Wills Memorial': 440, 'Beacon House': 381, 'Brambles and Hawthorns': 9, 'Grace Reeves': 17, 'Senate House': 519}",0,2283,684,1033
162,"{'Arts and Social Sciences': 569, 'Chemistry': 53, 'Education': 0, 'Medical': 73, 'Physics': 71, ""Queen's Building"": 151, 'Wills Memorial': 440, 'Beacon House': 381, 'Brambles and Hawthorns': 9, 'Grace Reeves': 17, 'Senate House': 519}",0,2283,684,1033
163,"{'Arts and Social Sciences': 569, 'Chemistry': 53, 'Education': 0, 'Medical': 73, 'Physics': 71, ""Queen's Building"": 151, 'Wills Memorial': 440, 'Beacon House': 381, 'Brambles and Hawthorns': 9, 'Grace Reeves': 17, 'Senate House': 519}",0,2283,684,1033
164,"{'Arts and Social Sciences': 531, 'Chemistry': 56, 'Education': 0, 'Medical': 69, 'Physics': 67, ""Queen's Building"": 152, 'Wills Memorial': 447, 'Beacon House': 364, 'Brambles and Hawthorns': 5, 'Grace Reeves': 13, 'Senate House': 488}",385,2192,530,893
165,"{'Arts and Social Sciences': 531, 'Chemistry': 56, 'Education': 0, 'Medical': 69, 'Physics': 67, ""Queen's Building"": 152, 'Wills Memorial': 447, 'Beacon House': 364, 'Brambles and Hawthorns': 5, 'Grace Reeves': 13, 'Senate House': 496}",0,2200,715,1085
166,"{'Arts and Social Sciences': 531, 'Chemistry': 56, 'Education': 0, 'Medical': 69, 'Physics': 67, ""Queen's Building"": 152, 'Wills Memorial': 447, 'Beacon House': 364, 'Brambles and Hawthorns': 5, 'Grace Reeves': 13, 'Senate House': 496}",0,2200,715,1085
167,"{'Arts and Social Sciences': 531, 'Chemistry': 56, 'Education': 0, 'Medical': 69, 'Physics': 67, ""Queen's Building"": 152, 'Wills Memorial': 447, 'Beacon House': 364, 'Brambles and Hawthorns': 5, 'Grace Reeves': 13, 'Senate House': 496}",0,2200,715,1085
168,"{'Arts and Social Sciences': 517, 'Chemistry': 62, 'Education': 0, 'Medical': 60, 'Physics': 62, ""Queen's Building"": 152, 'Wills Memorial': 452, 'Beacon House': 369, 'Brambles and Hawthorns': 3, 'Grace Reeves': 11, 'Senate House': 461}",411,2149,486,954
169,"{'Arts and Social Sciences': 517, 'Chemistry': 62, 'Education': 0, 'Medical': 60, 'Physics': 62, ""Queen's Building"": 152, 'Wills Memorial': 452, 'Beacon House': 369, 'Brambles and Hawthorns': 3, 'Grace Reeves': 11, 'Senate House': 500}",0,2188,659,1153
170,"{'Arts and Social Sciences': 517, 'Chemistry': 62, 'Education': 0, 'Medical': 60, 'Physics': 62, ""Queen's Building"": 152, 'Wills Memorial': 452, 'Beacon House': 369, 'Brambles and Hawthorns': 3, 'Grace Reeves': 11, 'Senate House': 500}",0,2188,659,1153
171,"{'Arts and Social Sciences': 517, 'Chemistry': 62, 'Education': 0, 'Medical': 60, 'Physics': 62, ""Queen's Building"": 152, 'Wills Memorial': 452, 'Beacon House': 369, 'Brambles and Hawthorns': 3, 'Grace Reeves': 11, 'Senate House': 500}",0,2188,659,1153
172,"{'Arts and Social Sciences': 502, 'Chemistry': 58, 'Education': 0, 'Medical': 50, 'Physics': 54, ""Queen's Building"": 152, 'Wills Memorial': 452, 'Beacon House': 379, 'Brambles and Hawthorns': 2, 'Grace Reeves': 7, 'Senate House': 454}",405,2110,474,1011
173,"{'Arts and Social Sciences': 502, 'Chemistry': 58, 'Education': 0, 'Medical': 50, 'Physics': 54, ""Queen's Building"": 152, 'Wills Memorial': 453, 'Beacon House': 379, 'Brambles and Hawthorns': 2, 'Grace Reeves': 7, 'Senate House': 482}",0,2139,668,1193
174,"{'Arts and Social Sciences': 502, 'Chemistry': 58, 'Education': 0, 'Medical': 50, 'Physics': 54, ""Queen's Building"": 152, 'Wills Memorial': 453, 'Beacon House': 379, 'Brambles and Hawthorns': 2, 'Grace Reeves': 7, 'Senate House': 482}",0,2139,668,1193
175,"{'Arts and Social Sciences': 502, 'Chemistry': 58, 'Education': 0, 'Medical': 50, 'Physics': 54, ""Queen's Building"": 152, 'Wills Memorial': 453, 'Beacon House': 379, 'Brambles and Hawthorns': 2, 'Grace Reeves': 7, 'Senate House': 482}",0,2139,668,1193
176,"{'Arts and Social Sciences': 487, 'Chemistry': 53, 'Education': 0, 'Medical': 49, 'Physics': 50, ""Queen's Building"": 154, 'Wills Memorial': 442, 'Beacon House': 379, 'Brambles and Hawthorns': 1, 'Grace Reeves': 4, 'Senate House': 444}",351,2063,532,1054
177,"{'Arts and Social Sciences': 488, 'Chemistry': 53, 'Education': 0, 'Medical': 49, 'Physics': 50, ""Queen's Building"": 154, 'Wills Memorial': 443, 'Beacon House': 379, 'Brambles and Hawthorns': 1, 'Grace Reeves': 4, 'Senate House': 454}",0,2075,709,1216
178,"{'Arts and Social Sciences': 488, 'Chemistry': 53, 'Education': 0, 'Medical': 49, 'Physics': 50, ""Queen's Building"": 154, 'Wills Memorial': 443, 'Beacon House': 379, 'Brambles and Hawthorns': 1, 'Grace Reeves': 4, 'Senate House': 454}",0,2075,709,1216
179,"{'Arts and Social Sciences': 488, 'Chemistry': 53, 'Education': 0, 'Medical': 49, 'Physics': 50, ""Queen's Building"": 154, 'Wills Memorial': 443, 'Beacon House': 379, 'Brambles and Hawthorns': 1, 'Grace Reeves': 4, 'Senate House': 454}",0,2075,709,1216
180,"{'Arts and Social Sciences': 475, 'Chemistry': 46, 'Education': 0, 'Medical': 37, 'Physics': 46, ""Queen's Building"": 151, 'Wills Memorial': 440, 'Beacon House': 367, 'Brambles and Hawthorns': 0, 'Grace Reeves': 2, 'Senate House': 418}",406,1982,536,1076
181,"{'Arts and Social Sciences': 475, 'Chemistry': 46, 'Education': 0, 'Medical': 37, 'Physics': 46, ""Queen's Building"": 151, 'Wills Memorial': 440, 'Beacon House': 367, 'Brambles and Hawthorns': 0, 'Grace Reeves': 2, 'Senate House': 464}",0,2028,714,1258
182,"{'Arts and Social Sciences': 475, 'Chemistry': 46, 'Education': 0, 'Medical': 37, 'Physics': 46, ""Queen's Building"": 151, 'Wills Memorial': 440, 'Beacon House': 367, 'Brambles and Hawthorns': 0, 'Grace Reeves': 2, 'Senate House': 464}",0,2028,714,1258
183,"{'Arts and Social Sciences': 475, 'Chemistry': 46, 'Education': 0, 'Medical': 37, 'Physics': 46, ""Queen's Building"": 151, 'Wills Memorial': 440, 'Beacon House': 367, 'Brambles and Hawthorns': 0, 'Grace Reeves': 2, 'Senate House': 464}",0,2028,714,1258
184,"{'Arts and Social Sciences': 584, 'Chemistry': 63, 'Education': 0, 'Medical': 47, 'Physics': 63, ""Queen's Building"": 161, 'Wills Memorial': 513, 'Beacon House': 420, 'Brambles and Hawthorns': 0, 'Grace Reeves': 2, 'Senate House': 532}",359,2385,0,1256
185,"{'Arts and Social Sciences': 584, 'Chemistry': 63, 'Education': 0, 'Medical': 47, 'Physics': 63, ""Queen's Building"": 161, 'Wills Memorial': 515, 'Beacon House': 421, 'Brambles and Hawthorns': 0, 'Grace Reeves': 2, 'Senate House': 619}",16,2475,0,1509
186,"{'Arts and Social Sciences': 599, 'Chemistry': 63, 'Education': 0, 'Medical': 47, 'Physics': 63, ""Queen's Building"": 161, 'Wills Memorial': 515, 'Beacon House': 421, 'Brambles and Hawthorns': 0, 'Grace Reeves': 2, 'Senate House': 619}",1,2490,0,1509
187,"{'Arts and Social Sciences': 600, 'Chemistry': 63, 'Education': 0, 'Medical': 47, 'Physics': 63, ""Queen's Building"": 161, 'Wills Memorial': 515, 'Beacon House': 421, 'Brambles and Hawthorns': 0, 'Grace Reeves': 2, 'Senate House': 619}",0,2491,0,1509
188,"{'Arts and Social Sciences': 599, 'Chemistry': 63, 'Education': 0, 'Medical': 47, 'Physics': 63, ""Queen's Building"": 161, 'Wills Memorial': 512, 'Beacon House': 420, 'Brambles and Hawthorns': 0, 'Grace Reeves': 2, 'Senate House': 616}",12,2483,0,1505
189,"{'Arts and Social Sciences': 599, 'Chemistry': 63, 'Education': 0, 'Medical': 48, 'Physics': 63, ""Queen's Building"": 161, 'Wills Memorial': 512, 'Beacon House': 420, 'Brambles and Hawthorns': 0, 'Grace Reeves': 2, 'Senate House': 618}",1,2486,0,1513
190,"{'Arts and Social Sciences': 599, 'Chemistry': 63, 'Education': 0, 'Medical': 48, 'Physics': 63, ""Queen's Building"": 161, 'Wills Memorial': 512, 'Beacon House': 420, 'Brambles and Hawthorns': 0, 'Grace Reeves': 2, 'Senate House': 619}",0,2487,0,1513
191,"{'Arts and Social Sciences': 599, 'Chemistry': 63, 'Education': 0, 'Medical': 48, 'Physics': 63, ""Queen's Building"": 161, 'Wills Memorial': 512, 'Beacon House': 420, 'Brambles and Hawthorns': 0, 'Grace Reeves': 2, 'Senate House': 619}",0,2487,0,1513
192,"{'Arts and Social Sciences': 0, 'Chemistry': 0, 'Education': 0, 'Medical': 0, 'Physics': 0, ""Queen's Building"": 0, 'Wills Memorial': 0, 'Beacon House': 0, 'Brambles and Hawthorns': 0, 'Grace Reeves': 0, 'Senate House': 0}",2764,0,0,1236
193,"{'Arts and Social Sciences': 620, 'Chemistry': 79, 'Education': 0, 'Medical': 92, 'Physics': 74, ""Queen's Building"": 168, 'Wills Memorial': 517, 'Beacon House': 428, 'Brambles and Hawthorns': 0, 'Grace Reeves': 0, 'Senate House': 397}",389,2375,0,1236
194,"{'Arts and Social Sciences': 620, 'Chemistry': 79, 'Education': 0, 'Medical': 92, 'Physics': 74, ""Queen's Building"": 168, 'Wills Memorial': 522, 'Beacon House': 431, 'Brambles and Hawthorns': 0, 'Grace Reeves': 0, 'Senate House': 639}",139,2625,0,1236
195,"{'Arts and Social Sciences': 717, 'Chemistry': 79, 'Education': 0, 'Medical': 96, 'Physics': 81, ""Queen's Building"": 168, 'Wills Memorial': 522, 'Beacon House': 431, 'Brambles and Hawthorns': 0, 'Grace Reeves': 0, 'Senate House': 639}",31,2733,0,1236
196,"{'Arts and Social Sciences': 625, 'Chemistry': 66, 'Education': 0, 'Medical': 82, 'Physics': 69, ""Queen's Building"": 151, 'Wills Memorial': 456, 'Beacon House': 381, 'Brambles and Hawthorns': 11, 'Grace Reeves': 16, 'Senate House': 546}",169,2403,326,1102
197,"{'Arts and Social Sciences': 625, 'Chemistry': 66, 'Education': 0, 'Medical': 82, 'Physics': 69, ""Queen's Building"": 151, 'Wills Memorial': 457, 'Beacon House': 381, 'Brambles and Hawthorns': 11, 'Grace Reeves': 16, 'Senate House': 546}",0,2404,494,1102
198,"{'Arts and Social Sciences': 625, 'Chemistry': 66, 'Education': 0, 'Medical': 82, 'Physics': 69, ""Queen's Building"": 151, 'Wills Memorial': 457, 'Beacon House': 381, 'Brambles and Hawthorns': 11, 'Grace Reeves': 16, 'Senate House': 546}",0,2404,494,1102
199,"{'Arts and Social Sciences': 625, 'Chemistry': 66, 'Education': 0, 'Medical': 82, 'Physics': 69, ""Queen's Building"": 151, 'Wills Memorial': 457, 'Beacon House': 381, 'Brambles and Hawthorns': 11, 'Grace Reeves': 16, 'Senate House': 546}",0,2404,494,1102
200,"{'Arts and Social Sciences': 602, 'Chemistry': 63, 'Education': 0, 'Medical': 80, 'Physics': 66, ""Queen's Building"": 154, 'Wills Memorial': 436, 'Beacon House': 360, 'Brambles and Hawthorns': 11, 'Grace Reeves': 17, 'Senate House': 509}",265,2298,483,954
201,"{'Arts and Social Sciences': 602, 'Chemistry': 63, 'Education': 0, 'Medical': 80, 'Physics': 66, ""Queen's Building"": 154, 'Wills Memorial': 436, 'Beacon House': 360, 'Brambles and Hawthorns': 11, 'Grace Reeves': 17, 'Senate House': 515}",0,2304,669,1027
202,"{'Arts and Social Sciences': 602, 'Chemistry': 63, 'Education': 0, 'Medical': 80, 'Physics': 66, ""Queen's Building"": 154, 'Wills Memorial': 436, 'Beacon House': 360, 'Brambles and Hawthorns': 11, 'Grace Reeves': 17, 'Senate House': 515}",0,2304,669,1027
203,"{'Arts and Social Sciences': 602, 'Chemistry': 63, 'Education': 0, 'Medical': 80, 'Physics': 66, ""Queen's Building"": 154, 'Wills Memorial': 436, 'Beacon House': 360, 'Brambles and Hawthorns': 11, 'Grace Reeves': 17, 'Senate House': 515}",0,2304,669,1027
204,"{'Arts and Social Sciences': 589, 'Chemistry': 66, 'Education': 0, 'Medical': 81, 'Physics': 69, ""Queen's Building"": 148, 'Wills Memorial': 450, 'Beacon House': 369, 'Brambles and Hawthorns': 9, 'Grace Reeves': 14, 'Senate House': 489}",337,2284,495,884
205,"{'Arts and Social Sciences': 589, 'Chemistry': 66, 'Education': 0, 'Medical': 81, 'Physics': 69, ""Queen's Building"": 148, 'Wills Memorial': 450, 'Beacon House': 369, 'Brambles and Hawthorns': 9, 'Grace Reeves': 14, 'Senate House': 516}",0,2311,682,1007
206,"{'Arts and Social Sciences': 589, 'Chemistry': 66, 'Education': 0, 'Medical': 81, 'Physics': 69, ""Queen's Building"": 148, 'Wills Memorial': 450, 'Beacon House': 369, 'Brambles and Hawthorns': 9, 'Grace Reeves': 14, 'Senate House': 516}",0,2311,682,1007
207,"{'Arts and Social Sciences': 589, 'Chemistry': 66, 'Education': 0, 'Medical': 81, 'Physics': 69, ""Queen's Building"": 148, 'Wills Memorial': 450, 'Beacon House': 369, 'Brambles and Hawthorns': 9, 'Grace Reeves': 14, 'Senate House': 516}",0,2311,682,1007
208,"{'Arts and Social Sciences': 563, 'Chemistry': 66, 'Education': 0, 'Medical': 71, 'Physics': 66, ""Queen's Building"": 152, 'Wills Memorial': 445, 'Beacon House': 364, 'Brambles and Hawthorns': 7, 'Grace Reeves': 11, 'Senate House': 470}",389,2215,519,877
209,"{'Arts and Social Sciences': 564, 'Chemistry': 66, 'Education': 0, 'Medical': 71, 'Physics': 66, ""Queen's Building"": 152, 'Wills Memorial': 446, 'Beacon House': 364, 'Brambles and Hawthorns': 7, 'Grace Reeves': 11, 'Senate House': 487}",0,2234,702,1064
210,"{'Arts and Social Sciences': 564, 'Chemistry': 66, 'Education': 0, 'Medical': 71, 'Physics': 66, ""Queen's Building"": 152, 'Wills Memorial': 446, 'Beacon House': 364, 'Brambles and Hawthorns': 7, 'Grace Reeves': 11, 'Senate House': 487}",0,2234,702,1064
211,"{'Arts and Social Sciences': 564, 'Chemistry': 66, 'Education': 0, 'Medical': 71, 'Physics': 66, ""Queen's Building"": 152, 'Wills Memorial': 446, 'Beacon House': 364, 'Brambles and Hawthorns': 7, 'Grace Reeves': 11, 'Senate House': 487}",0,2234,702,1064
212,"{'Arts and Social Sciences': 543, 'Chemistry': 63, 'Education': 0, 'Medical': 60, 'Physics': 65, ""Queen's Building"": 152, 'Wills Memorial': 446, 'Beacon House': 368, 'Brambles and Hawthorns': 5, 'Grace Reeves': 10, 'Senate House': 460}",417,2172,476,935
213,"{'Arts and Social Sciences': 543, 'Chemistry': 63, 'Education': 0, 'Medical': 60, 'Physics': 65, ""Queen's Building"": 152, 'Wills Memorial': 446, 'Beacon House': 368, 'Brambles and Hawthorns': 5, 'Grace Reeves': 10, 'Senate House': 491}",0,2203,650,1147
214,"{'Arts and Social Sciences': 543, 'Chemistry': 63, 'Education': 0, 'Medical': 60, 'Physics': 65, ""Queen's Building"": 152, 'Wills Memorial': 446, 'Beacon House': 368, 'Brambles and Hawthorns': 5, 'Grace Reeves': 10, 'Senate House': 491}",0,2203,650,1147
215,"{'Arts and Social Sciences': 543, 'Chemistry': 63, 'Education': 0, 'Medical': 60, 'Physics': 65, ""Queen's Building"": 152, 'Wills Memorial': 446, 'Beacon House': 368, 'Brambles and Hawthorns': 5, 'Grace Reeves': 10, 'Senate House': 491}",0,2203,650,1147
216,"{'Arts and Social Sciences': 511, 'Chemistry': 60, 'Education': 0, 'Medical': 50, 'Physics': 59, ""Queen's Building"": 151, 'Wills Memorial': 453, 'Beacon House': 364, 'Brambles and Hawthorns': 4, 'Grace Reeves': 7, 'Senate House': 451}",385,2110,483,1022
217,"{'Arts and Social Sciences': 511, 'Chemistry': 60, 'Education': 0, 'Medical': 50, 'Physics': 59, ""Queen's Building"": 151, 'Wills Memorial': 453, 'Beacon House': 364, 'Brambles and Hawthorns': 4, 'Grace Reeves': 7, 'Senate House': 485}",0,2144,649,1207
218,"{'Arts and Social Sciences': 511, 'Chemistry': 60, 'Education': 0, 'Medical': 50, 'Physics': 59, ""Queen's Building"": 151, 'Wills Memorial': 453, 'Beacon House': 364, 'Brambles and Hawthorns': 4, 'Grace Reeves': 7, 'Senate House': 485}",0,2144,649,1207
219,"{'Arts and Social Sciences': 511, 'Chemistry': 60, 'Education': 0, 'Medical': 50, 'Physics': 59, ""Queen's Building"": 151, 'Wills Memorial': 453, 'Beacon House': 364, 'Brambles and Hawthorns': 4, 'Grace Reeves': 7, 'Senate House': 485}",0,2144,649,1207
220,"{'Arts and Social Sciences': 500, 'Chemistry': 55, 'Education': 0, 'Medical': 45, 'Physics': 55, ""Queen's Building"": 150, 'Wills Memorial': 459, 'Beacon House': 358, 'Brambles and Hawthorns': 3, 'Grace Reeves': 5, 'Senate House': 453}",382,2083,489,1046
221,"{'Arts and Social Sciences': 500, 'Chemistry': 55, 'Education': 0, 'Medical': 45, 'Physics': 55, ""Queen's Building"": 150, 'Wills Memorial': 459, 'Beacon House': 358, 'Brambles and Hawthorns': 3, 'Grace Reeves': 5, 'Senate House': 470}",0,2100,685,1215
222,"{'Arts and Social Sciences': 500, 'Chemistry': 55, 'Education': 0, 'Medical': 45, 'Physics': 55, ""Queen's Building"": 150, 'Wills Memorial': 459, 'Beacon House': 358, 'Brambles and Hawthorns': 3, 'Grace Reeves': 5, 'Senate House': 470}",0,2100,685,1215
223,"{'Arts and Social Sciences': 500, 'Chemistry': 55, 'Education': 0, 'Medical': 45, 'Physics': 55, ""Queen's Building"": 150, 'Wills Memorial': 459, 'Beacon House': 358, 'Brambles and Hawthorns': 3, 'Grace Reeves': 5, 'Senate House': 470}",0,2100,685,1215
224,"{'Arts and Social Sciences': 471, 'Chemistry': 50, 'Education': 0, 'Medical': 46, 'Physics': 53, ""Queen's Building"": 152, 'Wills Memorial': 445, 'Beacon House': 358, 'Brambles and Hawthorns': 3, 'Grace Reeves': 2, 'Senate House': 431}",397,2011,509,1083
225,"{'Arts and Social Sciences': 471, 'Chemistry': 50, 'Education': 0, 'Medical': 46, 'Physics': 53, ""Queen's Building"": 152, 'Wills Memorial': 445, 'Beacon House': 358, 'Brambles and Hawthorns': 3, 'Grace Reeves': 2, 'Senate House': 454}",0,2034,691,1275
226,"{'Arts and Social Sciences': 471, 'Chemistry': 50, 'Education': 0, 'Medical': 46, 'Physics': 53, ""Queen's Building"": 152, 'Wills Memorial': 445, 'Beacon House': 358, 'Brambles and Hawthorns': 3, 'Grace Reeves': 2, 'Senate House': 454}",0,2034,691,1275
227,"{'Arts and Social Sciences': 471, 'Chemistry': 50, 'Education': 0, 'Medical': 46, 'Physics': 53, ""Queen's Building"": 152, 'Wills Memorial': 445, 'Beacon House': 358, 'Brambles and Hawthorns': 3, 'Grace Reeves': 2, 'Senate House': 454}",0,2034,691,1275
228,"{'Arts and Social Sciences': 458, 'Chemistry': 57, 'Education': 0, 'Medical': 47, 'Physics': 51, ""Queen's Building"": 153, 'Wills Memorial': 445, 'Beacon House': 365, 'Brambles and Hawthorns': 1, 'Grace Reeves': 1, 'Senate House': 427}",382,2005,492,1121
229,"{'Arts and Social Sciences': 459, 'Chemistry': 57, 'Education': 0, 'Medical': 47, 'Physics': 51, ""Queen's Building"": 153, 'Wills Memorial': 445, 'Beacon House': 365, 'Brambles and Hawthorns': 1, 'Grace Reeves': 1, 'Senate House': 452}",0,2031,688,1281
230,"{'Arts and Social Sciences': 459, 'Chemistry': 57, 'Education': 0, 'Medical': 47, 'Physics': 51, ""Queen's Building"": 153, 'Wills Memorial': 445, 'Beacon House': 365, 'Brambles and Hawthorns': 1, 'Grace Reeves': 1, 'Senate House': 452}",0,2031,688,1281
231,"{'Arts and Social Sciences': 459, 'Chemistry': 57, 'Education': 0, 'Medical': 47, 'Physics': 51, ""Queen's Building"": 153, 'Wills Memorial': 445, 'Beacon House': 365, 'Brambles and Hawthorns': 1, 'Grace Reeves': 1, 'Senate House': 452}",0,2031,688,1281
232,"{'Arts and Social Sciences': 557, 'Chemistry': 72, 'Education': 0, 'Medical': 53, 'Physics': 68, ""Queen's Building"": 164, 'Wills Memorial': 510, 'Beacon House': 418, 'Brambles and Hawthorns': 1, 'Grace Reeves': 1, 'Senate House': 520}",356,2364,0,1280
233,"{'Arts and Social Sciences': 557, 'Chemistry': 72, 'Education': 0, 'Medical': 53, 'Physics': 68, ""Queen's Building"": 164, 'Wills Memorial': 511, 'Beacon House': 418, 'Brambles and Hawthorns': 1, 'Grace Reeves': 1, 'Senate House': 610}",19,2455,0,1526
234,"{'Arts and Social Sciences': 575, 'Chemistry': 72, 'Education': 0, 'Medical': 53, 'Physics': 68, ""Queen's Building"": 164, 'Wills Memorial': 511, 'Beacon House': 418, 'Brambles and Hawthorns': 1, 'Grace Reeves': 1, 'Senate House': 610}",1,2473,0,1526
235,"{'Arts and Social Sciences': 576, 'Chemistry': 72, 'Education': 0, 'Medical': 53, 'Physics': 68, ""Queen's Building"": 164, 'Wills Memorial': 511, 'Beacon House': 418, 'Brambles and Hawthorns': 1, 'Grace Reeves': 1, 'Senate House': 610}",0,2474,0,1526
236,"{'Arts and Social Sciences': 573, 'Chemistry': 72, 'Education': 0, 'Medical': 53, 'Physics': 68, ""Queen's Building"": 164, 'Wills Memorial': 508, 'Beacon House': 417, 'Brambles and Hawthorns': 1, 'Grace Reeves': 1, 'Senate House': 607}",17,2464,0,1519
237,"{'Arts and Social Sciences': 574, 'Chemistry': 73, 'Education': 0, 'Medical': 54, 'Physics': 68, ""Queen's Building"": 164, 'Wills Memorial': 508, 'Beacon House': 417, 'Brambles and Hawthorns': 1, 'Grace Reeves': 1, 'Senate House': 609}",2,2469,0,1529
238,"{'Arts and Social Sciences': 574, 'Chemistry': 73, 'Education': 0, 'Medical': 54, 'Physics': 68, ""Queen's Building"": 164, 'Wills Memorial': 508, 'Beacon House': 417, 'Brambles and Hawthorns': 1, 'Grace Reeves': 1, 'Senate House': 609}",2,2469,0,1529
239,"{'Arts and Social Sciences': 576, 'Chemistry': 73, 'Education': 0, 'Medical': 54, 'Physics': 68, ""Queen's Building"": 164, 'Wills Memorial': 508, 'Beacon House': 417, 'Brambles and Hawthorns': 1, 'Grace Reeves': 1, 'Senate House': 609}",0,2471,0,1529
